{"cameraMode":{"drawMode":0,"name":"Shaded","section":"Shading Mode"},"sceneLighting":false,"audioPlay":false,"sceneViewState":{"showFog":true,"showMaterialUpdate":true,"showSkybox":true,"showFlares":true,"showImageEffects":true,"showParticleSystems":true},"in2DMode":false,"pivot":{"x":35.016502380371097,"y":24.489990234375,"z":39.4840087890625},"rotation":{"x":0.003625573357567191,"y":-0.9958822131156921,"z":0.07485953718423844,"w":0.05624338611960411},"size":22.040061950683595,"orthographic":false}