{"cameraMode":{"drawMode":0,"name":"Shaded","section":"Shading Mode"},"sceneLighting":false,"audioPlay":false,"sceneViewState":{"showFog":true,"showMaterialUpdate":true,"showSkybox":true,"showFlares":true,"showImageEffects":true,"showParticleSystems":true},"in2DMode":false,"pivot":{"x":29.999834060668947,"y":20.336563110351564,"z":-5.224212169647217},"rotation":{"x":-0.2039528489112854,"y":0.563167154788971,"z":-0.1460409313440323,"w":-0.7876485586166382},"size":22.040061950683595,"orthographic":false}