{"cameraMode":{"drawMode":0,"name":"Shaded","section":"Shading Mode"},"sceneLighting":false,"audioPlay":false,"sceneViewState":{"showFog":true,"showMaterialUpdate":true,"showSkybox":true,"showFlares":true,"showImageEffects":true,"showParticleSystems":true},"in2DMode":false,"pivot":{"x":8.310676574707032,"y":4.1209821701049809,"z":9.23534107208252},"rotation":{"x":-0.014120534062385559,"y":-0.9854337573051453,"z":0.13565871119499207,"w":-0.1020561009645462},"size":1.2660280466079713,"orthographic":false}