{"cameraMode":{"drawMode":0,"name":"Shaded","section":"Shading Mode"},"sceneLighting":false,"audioPlay":false,"sceneViewState":{"showFog":true,"showMaterialUpdate":true,"showSkybox":true,"showFlares":true,"showImageEffects":true,"showParticleSystems":true},"in2DMode":false,"pivot":{"x":35.952396392822269,"y":41.73750686645508,"z":55.34894943237305},"rotation":{"x":0.02308860421180725,"y":-0.7541146874427795,"z":0.02762623131275177,"w":0.6561974287033081},"size":22.040061950683595,"orthographic":false}