{"cameraMode":{"drawMode":0,"name":"Shaded","section":"Shading Mode"},"sceneLighting":false,"audioPlay":false,"sceneViewState":{"showFog":true,"showMaterialUpdate":true,"showSkybox":true,"showFlares":true,"showImageEffects":true,"showParticleSystems":true},"in2DMode":false,"pivot":{"x":150.46485900878907,"y":27.76660919189453,"z":19.8641357421875},"rotation":{"x":0.046375200152397159,"y":0.06798557937145233,"z":0.0031630981247872116,"w":-0.996604859828949},"size":22.040061950683595,"orthographic":false}