{"cameraMode":{"drawMode":0,"name":"Shaded","section":"Shading Mode"},"sceneLighting":false,"audioPlay":false,"sceneViewState":{"showFog":true,"showMaterialUpdate":true,"showSkybox":true,"showFlares":true,"showImageEffects":true,"showParticleSystems":true},"in2DMode":false,"pivot":{"x":-16.316909790039064,"y":3.444603443145752,"z":23.29067039489746},"rotation":{"x":-0.006332221906632185,"y":0.9725567698478699,"z":0.02778460644185543,"w":0.23108279705047608},"size":65.38491821289063,"orthographic":false}