{"cameraMode":{"drawMode":0,"name":"Shaded","section":"Shading Mode"},"sceneLighting":false,"audioPlay":false,"sceneViewState":{"showFog":true,"showMaterialUpdate":true,"showSkybox":true,"showFlares":true,"showImageEffects":true,"showParticleSystems":true},"in2DMode":false,"pivot":{"x":30.46600914001465,"y":78.67549896240235,"z":41.500091552734378},"rotation":{"x":0.08570059388875961,"y":0.8823509216308594,"z":-0.17707489430904389,"w":0.4276832938194275},"size":9.09999942779541,"orthographic":false}