{"cameraMode":{"drawMode":0,"name":"Shaded","section":"Shading Mode"},"sceneLighting":false,"audioPlay":false,"sceneViewState":{"showFog":true,"showMaterialUpdate":true,"showSkybox":true,"showFlares":true,"showImageEffects":true,"showParticleSystems":true},"in2DMode":false,"pivot":{"x":117.5489273071289,"y":108.78793334960938,"z":-6.586230754852295},"rotation":{"x":0.15836754441261292,"y":0.7993558645248413,"z":0.5290670394897461,"w":-0.23717981576919557},"size":6.099997520446777,"orthographic":false}