{"cameraMode":{"drawMode":0,"name":"Shaded","section":"Shading Mode"},"sceneLighting":false,"audioPlay":false,"sceneViewState":{"showFog":true,"showMaterialUpdate":true,"showSkybox":true,"showFlares":true,"showImageEffects":true,"showParticleSystems":true},"in2DMode":false,"pivot":{"x":56.29059600830078,"y":15.37317943572998,"z":56.518707275390628},"rotation":{"x":0.06622356921434403,"y":-0.8169420957565308,"z":0.09614596515893936,"w":0.5650072693824768},"size":10.0,"orthographic":false}