{"cameraMode":{"drawMode":0,"name":"Shaded","section":"Shading Mode"},"sceneLighting":false,"audioPlay":false,"sceneViewState":{"showFog":true,"showMaterialUpdate":true,"showSkybox":true,"showFlares":true,"showImageEffects":true,"showParticleSystems":true},"in2DMode":false,"pivot":{"x":-26.983888626098634,"y":21.96009635925293,"z":44.14772415161133},"rotation":{"x":0.04604223370552063,"y":0.9501931071281433,"z":-0.16995546221733094,"w":0.25724077224731448},"size":0.8660253882408142,"orthographic":false}