{"cameraMode":{"drawMode":0,"name":"Shaded","section":"Shading Mode"},"sceneLighting":false,"audioPlay":false,"sceneViewState":{"showFog":true,"showMaterialUpdate":true,"showSkybox":true,"showFlares":true,"showImageEffects":true,"showParticleSystems":true},"in2DMode":false,"pivot":{"x":-9.761388778686524,"y":5.890948295593262,"z":13.071416854858399},"rotation":{"x":0.08696765452623368,"y":0.7083768844604492,"z":-0.08864744007587433,"w":0.6948940753936768},"size":19.002573013305665,"orthographic":false}